fid,username,app_name,app_url
12,linda,,
377,srijan.eth,,
409,div,,
1103,oexcess,,
1430,wijuwiju.eth,,
2210,kenny,,
3263,benterry,,
5254,papa,,
5498,zeuspepesdog.eth,,
6023,stevedylandev.eth,,
7674,qimchi,,
8004,ahn.eth,,
8109,victoctero,,
9074,solofunk,,
9812,carrabre,,
10078,sharvilmalik,,
10410,saurabhdhekale,,
10665,aboutlo,,
11299,tempetechie.eth,,
11961,tekrox.eth,,
12949,gabo,,
13182,sekoweed.eth,,
13874,thedude,,
14305,sec,,
15549,dish,,
16522,ilemi,,
17124,graven,,
17714,igoryuzo.eth,,
18418,d20,,
18674,cocoraeth,,
19778,bayge,,
20359,kingblack,,
21024,terricola.eth,,
21093,tamrat,,
21431,gramajo.eth,,
190000,ruminations,,
212581,bfresh,,
212640,0xrecruiter,,
228164,dipin.eth,,
233323,ollo,,
235018,maxlomu,,
249702,0xanas.eth,,
266490,tophb,,
268438,cashlessman.eth,,
292491,aditichoprax,,
297841,scx,,
314208,churro808,,
317490,gianluca,,
323797,hummusonrails,,
328619,nogods404,,
350911,compusophy,,
369863,diviflyy,,
409857,yerbearserker,,
438631,kushal-paliwal,,
513318,0xsayan.eth,,
537378,gmonchain.eth,,
579698,jonezee,,
842363,jumpbox.eth,,
860001,lamprosdao.eth,,
1046191,alexstridehouse,,
1097444,ogous,,
1100664,blazeaster,,
1102795,ivansn,,
1108574,harshshukla,,
1112406,vickuisine,,
1114449,eth-5k,,
1127682,0xhohenheim,,
1140699,simonch,,
